{"3L-code":"AUT","country_name":"Austria","active_country_area_km2":83945,"Edge_No":48560,"Node_No":156248,"Density":0.0000039782,"Clique_No":4.0,"Ave_Path_Length":93.1616043014,"Assortativity":0.0414761399,"Diameter":307.0,"Edge_Connectivity":0.0,"Max_Degree":12,"Total_Edge_Length":45022984.0648482442,"Len_Motorway":5106,"Len_Primary":10046,"Len_Secondary":12910,"Len_Tertiary":16197,"Len_Trunk":762,"Len_tot__km":45022,"Len_PRIM":15915,"Edge_count":48560,"Edgecount_PRIM":6040,"i_hit_PRIM_COUNT":4859,"i_hit_PRIM_LEN":5209,"i_hit_ALL_COUNT":8507,"i_hit_ALL_LEN":10180,"i_0cm_PRIM_COUNT":4378,"i_0cm_PRIM_LEN":4135,"i_0cm_ALL_COUNT":7572,"i_0cm_ALL_LEN":7756,"i_50cm_PRIM_COUNT":3966,"i_50cm_PRIM_LEN":3968,"i_50cm_ALL_COUNT":6749,"i_50cm_ALL_LEN":7312,"i_100cm_PRIM_COUNT":3553,"i_100cm_PRIM_LEN":3776,"i_100cm_ALL_COUNT":6040,"i_100cm_ALL_LEN":6951,"FPL_mode":150.0,"FPL_mean":178.1977195251,"FPL_median":150.0}