{"3L-code":"BEL","country_name":"Belgium","active_country_area_km2":30666,"Edge_No":65739,"Node_No":140842,"Density":0.0000066281,"Clique_No":3.0,"Ave_Path_Length":74.5217060577,"Assortativity":0.0891920856,"Diameter":203.0,"Edge_Connectivity":0.0,"Max_Degree":10,"Total_Edge_Length":34896660.0886265263,"Len_Motorway":4658,"Len_Primary":5674,"Len_Secondary":8202,"Len_Tertiary":14475,"Len_Trunk":1885,"Len_tot__km":34896,"Len_PRIM":12218,"Edge_count":65739,"Edgecount_PRIM":4911,"i_hit_PRIM_COUNT":3002,"i_hit_PRIM_LEN":2060,"i_hit_ALL_COUNT":6894,"i_hit_ALL_LEN":5186,"i_0cm_PRIM_COUNT":2768,"i_0cm_PRIM_LEN":1685,"i_0cm_ALL_COUNT":6313,"i_0cm_ALL_LEN":4125,"i_50cm_PRIM_COUNT":2436,"i_50cm_PRIM_LEN":1571,"i_50cm_ALL_COUNT":5459,"i_50cm_ALL_LEN":3795,"i_100cm_PRIM_COUNT":2228,"i_100cm_PRIM_LEN":1470,"i_100cm_ALL_COUNT":4911,"i_100cm_ALL_LEN":3568,"FPL_mode":150.0,"FPL_mean":168.1202494923,"FPL_median":150.0}