{"3L-code":"DEU","country_name":"Germany","active_country_area_km2":357661,"Edge_No":376004,"Node_No":1060697,"Density":0.0000006684,"Clique_No":4.0,"Ave_Path_Length":150.0876048149,"Assortativity":0.031609423,"Diameter":411.0,"Edge_Connectivity":0.0,"Max_Degree":12,"Total_Edge_Length":284400389.888389647,"Len_Motorway":31546,"Len_Primary":39810,"Len_Secondary":96705,"Len_Tertiary":107379,"Len_Trunk":8958,"Len_tot__km":284400,"Len_PRIM":80315,"Edge_count":376004,"Edgecount_PRIM":31407,"i_hit_PRIM_COUNT":17597,"i_hit_PRIM_LEN":16807,"i_hit_ALL_COUNT":44045,"i_hit_ALL_LEN":49235,"i_0cm_PRIM_COUNT":16124,"i_0cm_PRIM_LEN":12875,"i_0cm_ALL_COUNT":39738,"i_0cm_ALL_LEN":37689,"i_50cm_PRIM_COUNT":14406,"i_50cm_PRIM_LEN":12119,"i_50cm_ALL_COUNT":35366,"i_50cm_ALL_LEN":35229,"i_100cm_PRIM_COUNT":12799,"i_100cm_PRIM_LEN":11279,"i_100cm_ALL_COUNT":31407,"i_100cm_ALL_LEN":32756,"FPL_mode":150.0,"FPL_mean":132.4764445454,"FPL_median":150.0}