{"3L-code":"ESP","country_name":"Spain","active_country_area_km2":493529,"Edge_No":368079,"Node_No":469967,"Density":0.000003333,"Clique_No":4.0,"Ave_Path_Length":194.2527262367,"Assortativity":0.017476451,"Diameter":503.0,"Edge_Connectivity":0.0,"Max_Degree":24,"Total_Edge_Length":233138788.7219305634,"Len_Motorway":40322,"Len_Primary":25854,"Len_Secondary":42601,"Len_Tertiary":103870,"Len_Trunk":20489,"Len_tot__km":233138,"Len_PRIM":86666,"Edge_count":368079,"Edgecount_PRIM":13650,"i_hit_PRIM_COUNT":11748,"i_hit_PRIM_LEN":14611,"i_hit_ALL_COUNT":22367,"i_hit_ALL_LEN":37136,"i_0cm_PRIM_COUNT":9803,"i_0cm_PRIM_LEN":9216,"i_0cm_ALL_COUNT":18622,"i_0cm_ALL_LEN":23298,"i_50cm_PRIM_COUNT":8367,"i_50cm_PRIM_LEN":8356,"i_50cm_ALL_COUNT":15762,"i_50cm_ALL_LEN":21495,"i_100cm_PRIM_COUNT":7312,"i_100cm_PRIM_LEN":7689,"i_100cm_ALL_COUNT":13650,"i_100cm_ALL_LEN":19793,"FPL_mode":70.0,"FPL_mean":74.5543434524,"FPL_median":70.0}