{"3L-code":"FIN","country_name":"Finland","active_country_area_km2":336166,"Edge_No":55092,"Node_No":87346,"Density":0.0000144423,"Clique_No":4.0,"Ave_Path_Length":89.5261281677,"Assortativity":0.0756869736,"Diameter":235.0,"Edge_Connectivity":0.0,"Max_Degree":8,"Total_Edge_Length":84933262.0459788144,"Len_Motorway":2436,"Len_Primary":5446,"Len_Secondary":16034,"Len_Tertiary":52042,"Len_Trunk":8974,"Len_tot__km":84933,"Len_PRIM":16856,"Edge_count":55092,"Edgecount_PRIM":4246,"i_hit_PRIM_COUNT":2288,"i_hit_PRIM_LEN":5533,"i_hit_ALL_COUNT":8414,"i_hit_ALL_LEN":27599,"i_0cm_PRIM_COUNT":1917,"i_0cm_PRIM_LEN":4044,"i_0cm_ALL_COUNT":6844,"i_0cm_ALL_LEN":18629,"i_50cm_PRIM_COUNT":1450,"i_50cm_PRIM_LEN":3450,"i_50cm_ALL_COUNT":5349,"i_50cm_ALL_LEN":16008,"i_100cm_PRIM_COUNT":1145,"i_100cm_PRIM_LEN":2979,"i_100cm_ALL_COUNT":4246,"i_100cm_ALL_LEN":13699,"FPL_mode":150.0,"FPL_mean":149.7280722605,"FPL_median":150.0}