{"3L-code":"FRA","country_name":"France","active_country_area_km2":540213,"Edge_No":597993,"Node_No":376570,"Density":0.000008434,"Clique_No":4.0,"Ave_Path_Length":166.5637992245,"Assortativity":-0.0299981223,"Diameter":495.0,"Edge_Connectivity":0.0,"Max_Degree":16,"Total_Edge_Length":468130157.6739483476,"Len_Motorway":27420,"Len_Primary":59559,"Len_Secondary":121871,"Len_Tertiary":242689,"Len_Trunk":16589,"Len_tot__km":468130,"Len_PRIM":103569,"Edge_count":597993,"Edgecount_PRIM":40602,"i_hit_PRIM_COUNT":22858,"i_hit_PRIM_LEN":22283,"i_hit_ALL_COUNT":60583,"i_hit_ALL_LEN":68132,"i_0cm_PRIM_COUNT":20552,"i_0cm_PRIM_LEN":15757,"i_0cm_ALL_COUNT":53047,"i_0cm_ALL_LEN":47175,"i_50cm_PRIM_COUNT":18301,"i_50cm_PRIM_LEN":14775,"i_50cm_ALL_COUNT":46605,"i_50cm_ALL_LEN":44136,"i_100cm_PRIM_COUNT":16067,"i_100cm_PRIM_LEN":13940,"i_100cm_ALL_COUNT":40602,"i_100cm_ALL_LEN":41108,"FPL_mode":151.0,"FPL_mean":132.8893253883,"FPL_median":151.0}