{"3L-code":"ITA","country_name":"Italy","active_country_area_km2":250811,"Edge_No":415111,"Node_No":549584,"Density":0.0000027487,"Clique_No":4.0,"Ave_Path_Length":134.9789332,"Assortativity":-0.035364572,"Diameter":457.0,"Edge_Connectivity":0.0,"Max_Degree":16,"Total_Edge_Length":228749167.3857344985,"Len_Motorway":17396,"Len_Primary":31627,"Len_Secondary":66002,"Len_Tertiary":99558,"Len_Trunk":14164,"Len_tot__km":228749,"Len_PRIM":63189,"Edge_count":415111,"Edgecount_PRIM":22122,"i_hit_PRIM_COUNT":13376,"i_hit_PRIM_LEN":15261,"i_hit_ALL_COUNT":34837,"i_hit_ALL_LEN":37398,"i_0cm_PRIM_COUNT":12122,"i_0cm_PRIM_LEN":11769,"i_0cm_ALL_COUNT":31348,"i_0cm_ALL_LEN":27055,"i_50cm_PRIM_COUNT":10396,"i_50cm_PRIM_LEN":11052,"i_50cm_ALL_COUNT":26249,"i_50cm_ALL_LEN":24984,"i_100cm_PRIM_COUNT":8906,"i_100cm_PRIM_LEN":10274,"i_100cm_ALL_COUNT":22122,"i_100cm_ALL_LEN":23201,"FPL_mode":150.0,"FPL_mean":126.3098716881,"FPL_median":150.0}