{"3L-code":"NLD","country_name":"Netherlands","active_country_area_km2":37380,"Edge_No":107601,"Node_No":68300,"Density":0.000046133,"Clique_No":4.0,"Ave_Path_Length":84.8095627857,"Assortativity":0.1862855039,"Diameter":250.0,"Edge_Connectivity":0.0,"Max_Degree":8,"Total_Edge_Length":43482739.8295252472,"Len_Motorway":6877,"Len_Primary":6545,"Len_Secondary":8614,"Len_Tertiary":19111,"Len_Trunk":2333,"Len_tot__km":43482,"Len_PRIM":15756,"Edge_count":107601,"Edgecount_PRIM":15472,"i_hit_PRIM_COUNT":7312,"i_hit_PRIM_LEN":5029,"i_hit_ALL_COUNT":21633,"i_hit_ALL_LEN":13003,"i_0cm_PRIM_COUNT":6922,"i_0cm_PRIM_LEN":4477,"i_0cm_ALL_COUNT":20734,"i_0cm_ALL_LEN":11717,"i_50cm_PRIM_COUNT":6002,"i_50cm_PRIM_LEN":4112,"i_50cm_ALL_COUNT":17952,"i_50cm_ALL_LEN":10737,"i_100cm_PRIM_COUNT":5176,"i_100cm_PRIM_LEN":3838,"i_100cm_ALL_COUNT":15472,"i_100cm_ALL_LEN":9982,"FPL_mode":10000.0,"FPL_mean":4968.2841492165,"FPL_median":2000.0}