{"3L-code":"NOR","country_name":"Norway","active_country_area_km2":323335,"Edge_No":49995,"Node_No":95431,"Density":0.0000109795,"Clique_No":4.0,"Ave_Path_Length":129.4410645786,"Assortativity":0.0522447535,"Diameter":471.0,"Edge_Connectivity":0.0,"Max_Degree":25,"Total_Edge_Length":63206623.5597014874,"Len_Motorway":1311,"Len_Primary":17498,"Len_Secondary":28082,"Len_Tertiary":6085,"Len_Trunk":10228,"Len_tot__km":63206,"Len_PRIM":29039,"Edge_count":49995,"Edgecount_PRIM":3490,"i_hit_PRIM_COUNT":3171,"i_hit_PRIM_LEN":9766,"i_hit_ALL_COUNT":5486,"i_hit_ALL_LEN":17916,"i_0cm_PRIM_COUNT":2641,"i_0cm_PRIM_LEN":7436,"i_0cm_ALL_COUNT":4414,"i_0cm_ALL_LEN":13056,"i_50cm_PRIM_COUNT":2328,"i_50cm_PRIM_LEN":7042,"i_50cm_ALL_COUNT":3880,"i_50cm_ALL_LEN":12381,"i_100cm_PRIM_COUNT":2103,"i_100cm_PRIM_LEN":6684,"i_100cm_ALL_COUNT":3490,"i_100cm_ALL_LEN":11750,"FPL_mode":150.0,"FPL_mean":152.6317900109,"FPL_median":150.0}