{"3L-code":"POL","country_name":"Poland","active_country_area_km2":311941,"Edge_No":150988,"Node_No":95852,"Density":0.0000328681,"Clique_No":4.0,"Ave_Path_Length":112.6642530133,"Assortativity":-0.0201922643,"Diameter":277.0,"Edge_Connectivity":0.0,"Max_Degree":12,"Total_Edge_Length":151014667.5532307923,"Len_Motorway":3914,"Len_Primary":18209,"Len_Secondary":31894,"Len_Tertiary":91252,"Len_Trunk":5743,"Len_tot__km":151014,"Len_PRIM":27868,"Edge_count":150988,"Edgecount_PRIM":9062,"i_hit_PRIM_COUNT":3276,"i_hit_PRIM_LEN":6244,"i_hit_ALL_COUNT":14417,"i_hit_ALL_LEN":29461,"i_0cm_PRIM_COUNT":2821,"i_0cm_PRIM_LEN":4116,"i_0cm_ALL_COUNT":12233,"i_0cm_ALL_LEN":19836,"i_50cm_PRIM_COUNT":2487,"i_50cm_PRIM_LEN":3885,"i_50cm_ALL_COUNT":10666,"i_50cm_ALL_LEN":18448,"i_100cm_PRIM_COUNT":2118,"i_100cm_PRIM_LEN":3673,"i_100cm_ALL_COUNT":9062,"i_100cm_ALL_LEN":16996,"FPL_mode":50.0,"FPL_mean":93.0043004786,"FPL_median":93.0}