{"3L-code":"ROU","country_name":"Romania","active_country_area_km2":238368,"Edge_No":46550,"Node_No":31218,"Density":0.000095533,"Clique_No":4.0,"Ave_Path_Length":94.8022053671,"Assortativity":0.0334023568,"Diameter":238.0,"Edge_Connectivity":0.0,"Max_Degree":11,"Total_Edge_Length":70857741.6580655128,"Len_Motorway":1938,"Len_Primary":12168,"Len_Secondary":28267,"Len_Tertiary":23160,"Len_Trunk":5322,"Len_tot__km":70857,"Len_PRIM":19429,"Edge_count":46550,"Edgecount_PRIM":3774,"i_hit_PRIM_COUNT":2966,"i_hit_PRIM_LEN":7950,"i_hit_ALL_COUNT":6722,"i_hit_ALL_LEN":21593,"i_0cm_PRIM_COUNT":2436,"i_0cm_PRIM_LEN":5517,"i_0cm_ALL_COUNT":5376,"i_0cm_ALL_LEN":14543,"i_50cm_PRIM_COUNT":2036,"i_50cm_PRIM_LEN":5176,"i_50cm_ALL_COUNT":4482,"i_50cm_ALL_LEN":13397,"i_100cm_PRIM_COUNT":1721,"i_100cm_PRIM_LEN":4818,"i_100cm_ALL_COUNT":3774,"i_100cm_ALL_LEN":12181,"FPL_mode":50.0,"FPL_mean":69.9680154716,"FPL_median":61.0}