{"3L-code":"SWE","country_name":"Sweden","active_country_area_km2":446478,"Edge_No":77392,"Node_No":50169,"Density":0.0000614984,"Clique_No":4.0,"Ave_Path_Length":124.6755497498,"Assortativity":0.0087582948,"Diameter":358.0,"Edge_Connectivity":1.0,"Max_Degree":12,"Total_Edge_Length":112649436.5834405273,"Len_Motorway":5272,"Len_Primary":8809,"Len_Secondary":20938,"Len_Tertiary":68550,"Len_Trunk":9077,"Len_tot__km":112649,"Len_PRIM":23160,"Edge_count":77392,"Edgecount_PRIM":5627,"i_hit_PRIM_COUNT":2439,"i_hit_PRIM_LEN":7048,"i_hit_ALL_COUNT":8558,"i_hit_ALL_LEN":30842,"i_0cm_PRIM_COUNT":2105,"i_0cm_PRIM_LEN":5313,"i_0cm_ALL_COUNT":7162,"i_0cm_ALL_LEN":21708,"i_50cm_PRIM_COUNT":1937,"i_50cm_PRIM_LEN":4949,"i_50cm_ALL_COUNT":6426,"i_50cm_ALL_LEN":20228,"i_100cm_PRIM_COUNT":1736,"i_100cm_PRIM_LEN":4539,"i_100cm_ALL_COUNT":5627,"i_100cm_ALL_LEN":18410,"FPL_mode":150.0,"FPL_mean":152.0857677027,"FPL_median":150.0}