{"3L-code":"GBR","country_name":"United Kingdom","active_country_area_km2":224768,"Edge_No":278059,"Node_No":442132,"Density":0.0000028449,"Clique_No":3.0,"Ave_Path_Length":122.3589031253,"Assortativity":0.004056891,"Diameter":375.0,"Edge_Connectivity":0.0,"Max_Degree":16,"Total_Edge_Length":167507231.1510580778,"Len_Motorway":8900,"Len_Primary":30342,"Len_Secondary":33813,"Len_Tertiary":64164,"Len_Trunk":30285,"Len_tot__km":167507,"Len_PRIM":69528,"Edge_count":278059,"Edgecount_PRIM":8427,"i_hit_PRIM_COUNT":8859,"i_hit_PRIM_LEN":8356,"i_hit_ALL_COUNT":14887,"i_hit_ALL_LEN":16790,"i_0cm_PRIM_COUNT":7705,"i_0cm_PRIM_LEN":5471,"i_0cm_ALL_COUNT":12641,"i_0cm_ALL_LEN":10426,"i_50cm_PRIM_COUNT":6169,"i_50cm_PRIM_LEN":4860,"i_50cm_ALL_COUNT":10213,"i_50cm_ALL_LEN":9254,"i_100cm_PRIM_COUNT":5151,"i_100cm_PRIM_LEN":4414,"i_100cm_ALL_COUNT":8427,"i_100cm_ALL_LEN":8336,"FPL_mode":100.0,"FPL_mean":219.0104789414,"FPL_median":100.0}